question,answer
데이터 엔지니어링이란 무엇인가요?,"데이터 엔지니어링은 데이터를 수집, 저장, 처리, 분석하는 과정을 의미하며, 데이터 웨어하우스를 구축하고 ETL 작업을 수행하는 역할을 말합니다."
ETL이란 무엇인가요?,"ETL은 Extract, Transform, Load의 약자로, 데이터를 추출하고, 필요에 따라 가공하여, 데이터베이스나 데이터 웨어하우스에 적재하는 과정을 말합니다."
빅데이터 처리를 위해 사용되는 데이터베이스 시스템에는 어떤 것들이 있나요?,"빅데이터 처리를 위해 사용되는 데이터베이스 시스템으로는 Hadoop, Spark, NoSQL 등이 주로 사용됩니다."
데이터 파이프라인이란 무엇인가요?,"데이터 파이프라인은 데이터가 생성되어 시스템으로부터 소비자에게 전달될 때까지의 과정을 의미하며, 데이터 수집, 처리, 저장, 전송 등의 단계를 포함합니다."
분산 시스템에 대해 설명해주세요.,"분산 시스템은 여러 대의 컴퓨터가 네트워크로 연결되어 작업을 분산시키고, 공동으로 처리하는 시스템을 말합니다. 대용량 데이터 처리에 적합합니다."
클라우드 컴퓨팅이 데이터 엔지니어링에 미치는 영향은 무엇인가요?,"클라우드 컴퓨팅은 유연한 확장성과 저렴한 비용으로 대용량 데이터 처리를 가능케 하며, 데이터 엔지니어링 작업을 효율적으로 수행할 수 있도록 도와줍니다."
데이터 레이크와 데이터 웨어하우스의 차이는 무엇인가요?,"데이터 레이크는 비정형 데이터를 저장하고 처리하는데 중점을 둔 반면, 데이터 웨어하우스는 구조화된 데이터를 중심으로 분석 및 조회를 위한 시스템입니다."
데이터 보안에 대해 어떤 조치를 취해야 하나요?,"데이터 암호화, 접근 제어, 모니터링 및 감사, 백업 및 복구 등의 조치를 통해 데이터 보안을 강화할 수 있습니다."
데이터 손실을 방지하기 위한 방법은 무엇이 있나요?,"데이터 백업, 정기적인 데이터 복제, 비상 계획 수립, 데이터 무결성 검사 등을 통해 데이터 손실을 방지할 수 있습니다."
데이터 파티셔닝이란 무엇인가요?,"데이터 파티셔닝은 대용량 데이터를 처리하기 위해 데이터를 분할하는 기술로, 데이터 접근 및 처리 속도를 향상시키는데 도움을 줍니다."
빅데이터 시스템에서의 병렬 처리에 대해 설명해주세요.,"병렬 처리는 여러 대의 컴퓨터가 동시에 작업을 수행하여 대용량 데이터를 효율적으로 처리하는 기술로, 빅데이터 시스템에서 성능 향상을 이루는 핵심 기술입니다."
데이터 모델링이 무엇인가요?,"데이터 모델링은 현실 세계의 데이터를 컴퓨터 시스템에서 사용하기 쉽도록 구조화하는 과정으로, 데이터베이스 설계 및 분석에 활용됩니다."
정규화와 반정규화의 차이는 무엇인가요?,"정규화는 데이터 중복을 최소화하기 위해 테이블을 분해하는 과정이며, 반정규화는 성능 향상을 위해 테이블을 통합하는 과정입니다."
데이터베이스 인덱스에 대해 설명해주세요.,데이터베이스 인덱스는 데이터 검색 속도를 향상시키기 위해 특정 열에 대한 정렬된 데이터 구조를 유지하는 데이터베이스 객체입니다.
SQL과 NoSQL의 차이는 무엇인가요?,"SQL은 관계형 데이터베이스를 위한 언어로, 정형화된 데이터를 다루는데 효과적이며, NoSQL은 비관계형 데이터베이스를 위한 언어로, 비정형 데이터를 다루는데 효과적입니다."
빅데이터 분석을 위해 사용되는 프로그래밍 언어는 무엇이 있나요?,"빅데이터 분석을 위해 사용되는 프로그래밍 언어로는 Python, R, Scala, Java 등이 주로 사용됩니다."
데이터 시각화의 중요성에 대해 설명해주세요.,데이터 시각화는 복잡한 데이터를 시각적으로 표현하여 데이터 패턴을 파악하고 의사소통을 원활하게 하는데 중요한 역할을 합니다.
데이터 클리닝이란 무엇인가요?,데이터 클리닝은 오류나 누락된 데이터를 식별하고 수정하여 데이터의 정확성을 유지하는 과정을 말합니다.
머신러닝 알고리즘을 적용하기 전에 어떤 작업을 해야 하나요?,머신러닝 알고리즘을 적용하기 전에 데이터 전처리 작업을 수행하여 데이터를 정제하고 특징을 추출하는 작업이 필요합니다.
데이터베이스 트랜잭션이란 무엇인가요?,"데이터베이스 트랜잭션은 데이터베이스에서 수행되는 논리적 작업의 단위로, ACID(원자성, 일관성, 고립성, 지속성) 속성을 보장합니다."
데이터 마이닝이란 무엇인가요?,데이터 마이닝은 대용량 데이터에서 유용한 정보를 추출하고 예측 모델을 만들어내는 과정을 말합니다.
데이터베이스 백업의 중요성에 대해 설명해주세요.,"데이터베이스 백업은 시스템 장애나 데이터 손실로부터 데이터를 보호하고, 비상 대비책을 수립하는데 중요한 역할을 합니다."
데이터 웨어하우스와 데이터 마트의 차이는 무엇인가요?,"데이터 웨어하우스는 기업 전체의 데이터를 종합적으로 분석하는데 사용되는 반면, 데이터 마트는 특정 부서나 업무에 필요한 데이터를 중심으로 분석하는데 사용됩니다."
데이터 품질 관리에 대해 설명해주세요.,"데이터 품질 관리는 데이터의 정확성, 일관성, 완전성, 유효성 등을 유지하여 데이터의 신뢰성을 확보하는 과정을 의미합니다."
데이터 소싱이란 무엇인가요?,"데이터 소싱은 다양한 소스로부터 데이터를 수집하고 통합하는 과정을 의미하며, 데이터 품질을 향상시키는데 중요한 역할을 합니다."
데이터 보간법에 대해 설명해주세요.,"데이터 보간법은 주어진 데이터 포인트들 사이의 값을 추정하기 위해 사용되는 통계적 기법으로, 누락된 데이터를 대체하거나 부드럽게 만드는데 활용됩니다."
데이터 스키마의 중요성에 대해 설명해주세요.,"데이터 스키마는 데이터베이스 구조를 정의하고 데이터 간의 관계를 명확히 하는데 도움을 주며, 데이터 무결성을 유지하는데 중요한 역할을 합니다."
데이터 소스를 선택할 때 고려해야 할 사항은 무엇인가요?,"데이터 소스를 선택할 때는 데이터의 신뢰성, 유용성, 확장성, 비용 등을 고려하여 적합한 소스를 선정해야 합니다."
데이터 시각화 도구로 많이 사용되는 프로그램은 무엇이 있나요?,"데이터 시각화 도구로는 Tableau, Power BI, Qlik 등이 널리 사용되며, 사용자 친화적인 인터페이스와 다양한 시각화 기능을 제공합니다."
데이터베이스 분산 시스템에서의 샤딩이란 무엇인가요?,"데이터베이스 분산 시스템에서의 샤딩은 대용량 데이터를 여러 서버에 분산하여 저장하고 처리하는 기술로, 확장성과 성능을 향상시키는데 활용됩니다."
데이터 분석을 위해 사용되는 통계적 기법은 무엇이 있나요?,"데이터 분석을 위해 사용되는 통계적 기법으로는 회귀분석, 군집화, 시계열 분석, 가설 검정 등이 널리 사용됩니다."
데이터 보안 위협에 대처하기 위한 방법은 무엇이 있나요?,"데이터 보안 위협에 대처하기 위해 암호화, 방화벽, 침입 탐지 시스템, 보안 업데이트 등의 방법을 적용하여 보안을 강화할 수 있습니다."
데이터 범주화의 목적은 무엇인가요?,"데이터 범주화는 데이터를 일정한 범주로 나누어 분류하고, 특징을 추출하여 데이터를 이해하고 패턴을 파악하는데 사용됩니다."
데이터 마이그레이션에 대해 설명해주세요.,"데이터 마이그레이션은 한 시스템에서 다른 시스템으로 데이터를 이동시키는 과정으로, 데이터의 무결성을 유지하고 시스템 간 호환성을 확보하는데 중요합니다."
데이터베이스 정규화의 목적은 무엇인가요?,"데이터베이스 정규화의 목적은 데이터 중복을 최소화하고 삽입, 수정, 삭제 이상을 방지하여 데이터의 일관성과 효율성을 유지하는데 있습니다."
빅데이터 환경에서의 데이터 랭글링이란 무엇인가요?,"빅데이터 환경에서의 데이터 랭글링은 다양한 데이터를 수집, 전처리, 변환하여 분석에 활용하기 쉽도록 하는 과정을 의미합니다."
